0.000000,5.000000,5.000000,0.000000,0.000000,0.000000,1.000000,0.000000,0.000000,0.000000,0.000000,0.000000,0.000000,9.800000,0.000000,0.000000,0.000000
0.000000,5.000000,4.999999,-0.002550,0.002550,-0.000153,0.999919,-0.007812,-0.007812,0.000000,-0.937500,-0.937500,0.000000,9.797065,-2.500000,-2.500000,0.000000
-0.000689,5.000689,5.002044,-0.029911,0.029896,0.123310,0.998641,-0.038062,-0.038077,-0.000469,-0.976563,-0.976563,-0.056250,14.797065,0.000000,0.000000,-0.150000
-0.003756,5.003755,5.013822,-0.092517,0.092505,0.337963,0.997967,-0.045374,-0.045629,-0.003217,0.571289,0.571289,-0.171094,13.633328,2.500000,2.500000,-0.300000
-0.009635,5.009626,5.035890,-0.133130,0.136650,0.555459,0.999937,-0.012890,-0.005842,-0.008534,1.747136,2.714233,-0.195410,14.838257,2.421073,5.000000,-0.150000
-0.015432,5.016265,5.070074,-0.074108,0.116676,0.813463,0.995175,0.037067,0.090607,-0.013808,2.058311,5.080338,-0.192713,15.355579,2.127645,7.500000,-0.218492
-0.013612,5.019763,5.117542,0.188549,0.008316,1.088159,0.967576,0.086614,0.237207,-0.017512,1.708481,6.571562,-0.265075,17.581009,1.079208,7.443827,-0.368492
0.008654,5.015501,5.178203,0.757836,-0.193443,1.322587,0.908693,0.121035,0.399503,-0.018094,1.209654,7.104335,-0.379026,20.662787,0.797791,7.410781,-0.500000
0.067701,4.999340,5.246556,1.650419,-0.462525,1.369386,0.822143,0.143095,0.551011,-0.017310,1.107937,6.466361,-0.446085,23.215615,1.212984,5.198775,-0.477200
0.177555,4.968641,5.309853,2.770346,-0.772237,1.111154,0.731154,0.161392,0.662664,-0.022502,1.232929,4.736620,-0.474082,25.608997,1.371219,2.698775,-0.500000
0.346023,4.921528,5.352693,3.969232,-1.119575,0.562560,0.661496,0.178542,0.727524,-0.038608,1.443697,2.525467,-0.490281,26.860399,1.702784,0.198775,-0.500000
0.573793,4.855815,5.363246,5.128846,-1.520902,-0.155332,0.628519,0.196815,0.749346,-0.070224,1.815242,0.133784,-0.496355,27.325086,2.261759,-2.301225,-0.500000
0.857289,4.768026,5.337035,6.191262,-2.007518,-0.881495,0.636228,0.217386,0.730300,-0.121869,2.337064,-2.223979,-0.481695,27.167588,2.909089,-4.530244,-0.454831
1.190725,4.653240,5.277472,7.121092,-2.602796,-1.468912,0.676777,0.239366,0.668746,-0.194253,2.930693,-4.229613,-0.408655,26.641329,3.538725,-6.034826,-0.304831
1.566651,4.505836,5.194273,7.885005,-3.311563,-1.813605,0.731811,0.260689,0.563490,-0.281593,3.494979,-5.658828,-0.287742,26.016287,4.030102,-6.837377,-0.155435
1.975633,4.320388,5.101356,8.431999,-4.119088,-1.849482,0.780200,0.278132,0.418597,-0.372910,3.899763,-6.441342,-0.157862,25.472139,4.217655,-6.959832,-0.029601
2.404585,4.093395,5.014915,8.665849,-4.954851,-1.559235,0.805621,0.288538,0.247097,-0.455007,4.044783,-6.574830,-0.055841,25.061147,4.074555,-6.451651,0.028687
2.835364,3.826956,4.949323,8.498168,-5.669913,-1.042593,0.801776,0.290812,0.069336,-0.517820,3.888934,-6.137506,-0.000011,24.708321,3.609338,-5.490753,0.036687
3.248133,3.530791,4.911034,7.962376,-6.129749,-0.500725,0.773442,0.286322,-0.093986,-0.557961,3.452760,-5.282789,0.012613,24.339276,2.912202,-4.289429,0.009189
3.627839,3.218679,4.896878,7.201352,-6.313180,-0.094270,0.732071,0.277975,-0.228535,-0.578714,2.814110,-4.201554,-0.007922,23.928117,2.110064,-3.061737,-0.039865
3.966822,2.903007,4.898566,6.350827,-6.285241,0.133789,0.689549,0.268757,-0.328835,-0.586938,2.082516,-3.078167,-0.047070,23.419751,1.332556,-1.965732,-0.091020
4.262679,2.592372,4.907808,5.483891,-6.122995,0.215605,0.654083,0.260745,-0.396412,-0.589396,1.354551,-2.041123,-0.089036,22.731235,0.641249,-1.054340,-0.129680
4.515426,2.291963,4.918533,4.629264,-5.884100,0.201074,0.629574,0.254833,-0.435954,-0.590756,0.680523,-1.142886,-0.121554,21.833705,0.032678,-0.303679,-0.148655
4.726002,2.004557,4.927067,3.798511,-5.608572,0.134611,0.616965,0.250976,-0.452284,-0.593432,0.072896,-0.382831,-0.135946,20.763081,-0.507918,0.324456,-0.141866
4.895801,1.731212,4.931732,2.999431,-5.326023,0.051501,0.615661,0.248598,-0.449214,-0.598105,-0.465256,0.257544,-0.125252,19.581873,-0.974966,0.853310,-0.103482
5.026615,1.471671,4.932394,2.240695,-5.059946,-0.021875,0.624255,0.246964,-0.429683,-0.604196,-0.922294,0.792817,-0.086321,18.352307,-1.344219,1.287760,-0.035949
5.120720,1.224619,4.930007,1.532982,-4.829237,-0.068422,0.640730,0.245466,-0.396322,-0.610336,-1.280847,1.223437,-0.027975,17.126825,-1.597152,1.611176,0.035687
5.180967,0.987914,4.926134,0.888331,-4.647861,-0.080938,0.662503,0.243665,-0.351975,-0.614983,-1.530338,1.534761,0.042127,15.947955,-1.735286,1.795143,0.116523
5.210801,0.758869,4.922457,0.318158,-4.523530,-0.061607,0.686846,0.241036,-0.300040,-0.616843,-1.671195,1.708361,0.120457,14.847684,-1.769324,1.824107,0.201410
5.214167,0.534589,4.920361,-0.169449,-4.456691,-0.019563,0.711317,0.236979,-0.244441,-0.615219,-1.710588,1.735342,0.201805,13.847985,-1.710825,1.703147,0.283416
5.195283,0.312336,4.920680,-0.572025,-4.441006,0.032979,0.734111,0.231002,-0.189327,-0.610123,-1.659542,1.621518,0.280351,12.960726,-1.574307,1.453274,0.356853
5.158326,0.089813,4.923643,-0.893474,-4.465407,0.084607,0.754229,0.222854,-0.138635,-0.602188,-1.533042,1.385933,0.350944,12.189025,-1.379031,1.105455,0.417596
5.107140,-0.134660,4.928989,-1.143056,-4.516812,0.127282,0.771414,0.212535,-0.095664,-0.592428,-1.349694,1.056864,0.409505,11.530133,-1.146788,0.695400,0.462671
5.045012,-0.362106,4.936156,-1.333362,-4.582388,0.157131,0.785913,0.200235,-0.062785,-0.581960,-1.129891,0.667369,0.453102,10.978712,-0.898823,0.259187,0.490319
4.974562,-0.592947,4.944482,-1.478244,-4.650878,0.173868,0.798173,0.186241,-0.041328,-0.571750,-0.893586,0.251368,0.479993,10.529322,-0.653790,-0.169848,0.500000
4.897718,-0.827088,4.953358,-1.591281,-4.713051,0.179567,0.808602,0.170875,-0.031630,-0.562439,-0.658579,-0.159312,0.492497,10.177553,-0.426766,-0.562967,0.500000
4.815756,-1.064023,4.962307,-1.684854,-4.761613,0.177364,0.817469,0.154459,-0.033181,-0.554220,-0.439452,-0.536901,0.497187,9.919871,-0.228783,-0.897114,0.500000
4.729374,-1.302925,4.971015,-1.769702,-4.790929,0.170396,0.824894,0.137314,-0.044780,-0.546868,-0.247008,-0.858993,0.498945,9.752613,-0.066712,-1.155671,0.500000
4.638779,-1.542721,4.979308,-1.854752,-4.796764,0.161074,0.830858,0.119775,-0.064691,-0.539925,-0.088224,-1.109434,0.499604,9.670672,0.056218,-1.329050,0.500000
4.543774,-1.782157,4.987105,-1.947079,-4.776147,0.150743,0.835284,0.102196,-0.090806,-0.532905,0.033304,-1.278877,0.496804,9.666418,0.139556,-1.414873,0.491873
4.443858,-2.019863,4.994369,-2.051929,-4.727348,0.139693,0.838110,0.084946,-0.120830,-0.525484,0.116693,-1.364887,0.487935,9.729193,0.184841,-1.417573,0.476441
4.338311,-2.254411,5.001054,-2.172762,-4.649873,0.127444,0.839412,0.068376,-0.152478,-0.517533,0.163216,-1.371464,0.473297,9.845549,0.195322,-1.347301,0.456562
4.226282,-2.484381,5.007078,-2.311343,-4.544420,0.113185,0.839454,0.052773,-0.183653,-0.509098,0.175875,-1.307987,0.454695,10.000175,0.175568,-1.218302,0.434850
4.106874,-2.708414,5.012325,-2.467881,-4.412736,0.096202,0.838664,0.038327,-0.212591,-0.500356,0.158991,-1.187720,0.434287,10.177264,0.131057,-1.047066,0.413504
3.979212,-2.925259,5.016646,-2.641217,-4.257409,0.076196,0.837556,0.025112,-0.237938,-0.491561,0.117791,-1.026100,0.414069,10.361978,0.067746,-0.850502,0.394227
3.842509,-3.133813,5.019897,-2.829042,-4.081601,0.053448,0.836638,0.013084,-0.258778,-0.482987,0.057974,-0.839073,0.395648,10.541639,-0.008356,-0.644426,0.378175
3.696119,-3.333136,5.021959,-3.028137,-3.888778,0.028817,0.836331,0.002098,-0.274615,-0.474877,-0.014689,-0.641686,0.380149,10.706448,-0.091575,-0.442473,0.365965
3.539572,-3.522466,5.022769,-3.234643,-3.682450,0.003617,0.836922,-0.008060,-0.285319,-0.467404,-0.094733,-0.447052,0.368199,10.849693,-0.176881,-0.255472,0.357740
3.372602,-3.701212,5.022337,-3.444321,-3.465942,-0.020586,0.838539,-0.017648,-0.291053,-0.460659,-0.177270,-0.265715,0.359985,10.967552,-0.260066,-0.091206,0.353267
3.195160,-3.868941,5.020754,-3.652826,-3.242220,-0.042205,0.841167,-0.026932,-0.292205,-0.454650,-0.258176,-0.105372,0.355328,11.058642,-0.337821,0.045527,0.352044
3.007410,-4.025356,5.018184,-3.855943,-3.013765,-0.059857,0.844675,-0.036165,-0.289318,-0.449319,-0.334157,0.029105,0.353781,11.123480,-0.407695,0.152635,0.353394
2.809721,-4.170272,5.014853,-4.049799,-2.782516,-0.072526,0.848860,-0.045568,-0.283029,-0.444558,-0.402737,0.135444,0.354725,11.163935,-0.468010,0.230323,0.356557
2.602642,-4.303585,5.011025,-4.231022,-2.549862,-0.079665,0.853483,-0.055311,-0.274014,-0.440228,-0.462180,0.213602,0.357445,11.182762,-0.517735,0.280612,0.360757
2.386877,-4.425250,5.006980,-4.396849,-2.316681,-0.081227,0.858305,-0.065512,-0.262949,-0.436183,-0.511390,0.265321,0.361205,11.183219,-0.556371,0.306846,0.365262
2.163250,-4.535252,5.002989,-4.545192,-2.083413,-0.077622,0.863114,-0.076228,-0.250472,-0.432279,-0.549806,0.293665,0.365303,11.168772,-0.583845,0.313222,0.369428
1.932674,-4.633592,4.999292,-4.674644,-1.850150,-0.069638,0.867738,-0.087458,-0.237158,-0.428388,-0.577303,0.302566,0.369121,11.142876,-0.600439,0.304362,0.372734
1.696114,-4.720265,4.996082,-4.784455,-1.616737,-0.058323,0.872054,-0.099147,-0.223497,-0.424405,-0.594121,0.296410,0.372155,11.108822,-0.606725,0.284955,0.374804
1.454559,-4.795258,4.993496,-4.874469,-1.382869,-0.044861,0.875987,-0.111195,-0.209884,-0.420250,-0.600799,0.279690,0.374038,11.069621,-0.603526,0.259461,0.375410
1.208992,-4.858538,4.991611,-4.945035,-1.148180,-0.030446,0.879505,-0.123464,-0.196615,-0.415871,-0.598134,0.256709,0.374544,11.027928,-0.591874,0.231892,0.374472
0.960368,-4.910056,4.990448,-4.996907,-0.912319,-0.016183,0.882613,-0.135790,-0.183889,-0.411240,-0.587132,0.231361,0.373584,10.985994,-0.572968,0.205660,0.372033
0.709596,-4.949746,4.989975,-5.031125,-0.675009,-0.003008,0.885341,-0.147998,-0.171814,-0.406356,-0.568966,0.206982,0.371193,10.945646,-0.548131,0.183483,0.368242
0.457529,-4.977530,4.990117,-5.048907,-0.436085,0.008362,0.887741,-0.159907,-0.160416,-0.401237,-0.544926,0.186247,0.367501,10.908281,-0.518749,0.167354,0.363316
0.204958,-4.993327,4.990773,-5.051543,-0.195526,0.017449,0.889871,-0.171348,-0.149655,-0.395917,-0.516363,0.171137,0.362709,10.874892,-0.486209,0.158549,0.357512
-0.047394,-4.997057,4.991820,-5.040306,0.046535,0.024010,0.891798,-0.182166,-0.139438,-0.390445,-0.484627,0.162940,0.357056,10.846097,-0.451837,0.157671,0.351100
-0.298862,-4.988652,4.993131,-5.016376,0.289812,0.028014,0.893583,-0.192231,-0.129633,-0.384877,-0.451008,0.162292,0.350795,10.822187,-0.416836,0.164725,0.344330
-0.548838,-4.968062,4.994581,-4.980793,0.533871,0.029609,0.895282,-0.201441,-0.120088,-0.379274,-0.416677,0.169244,0.344163,10.803183,-0.382240,0.179209,0.337419
-0.796762,-4.935261,4.996056,-4.934417,0.778147,0.029083,0.896942,-0.209723,-0.110640,-0.373695,-0.382641,0.183349,0.337366,10.788892,-0.348872,0.200214,0.330536
-1.042111,-4.890255,4.997460,-4.877911,1.021967,0.026818,0.898596,-0.217034,-0.101132,-0.368200,-0.349706,0.203761,0.330570,10.778961,-0.317326,0.226537,0.323795
-1.284392,-4.833085,4.998716,-4.811746,1.264572,0.023251,0.900268,-0.223355,-0.091420,-0.362837,-0.318458,0.229339,0.323885,10.772933,-0.287964,0.256786,0.317260
-1.523130,-4.763832,4.999771,-4.736205,1.505145,0.018835,0.901965,-0.228694,-0.081383,-0.357649,-0.289260,0.258755,0.317376,10.770292,-0.260925,0.289482,0.310944
-1.757859,-4.682618,5.000593,-4.651415,1.742836,0.014008,0.903686,-0.233075,-0.070927,-0.352668,-0.262261,0.290587,0.311060,10.770503,-0.236152,0.323155,0.304822
-1.988117,-4.589610,5.001172,-4.557372,1.976788,0.009165,0.905419,-0.236536,-0.059990,-0.347916,-0.237419,0.323416,0.304918,10.773035,-0.213423,0.356418,0.298841
-2.213440,-4.485016,5.001515,-4.453977,2.206155,0.004639,0.907146,-0.239127,-0.048546,-0.343403,-0.214535,0.355900,0.298904,10.777388,-0.192393,0.388038,0.292932
-2.433356,-4.369085,5.001645,-4.341077,2.430124,0.000683,0.908843,-0.240898,-0.036596,-0.339134,-0.193288,0.386836,0.292955,10.783097,-0.172638,0.416972,0.287022
-2.647386,-4.242107,5.001596,-4.218504,2.647925,-0.002529,0.910485,-0.241902,-0.024175,-0.335102,-0.173278,0.415210,0.287004,10.789748,-0.153695,0.442408,0.281041
-2.855043,-4.104407,5.001406,-4.086102,2.858845,-0.004908,0.912051,-0.242191,-0.011341,-0.331296,-0.154065,0.440218,0.280987,10.796970,-0.135100,0.463768,0.274933
-3.055831,-3.956348,5.001119,-3.943770,3.062230,-0.006441,0.913518,-0.241808,0.001828,-0.327701,-0.135208,0.461291,0.274850,10.804438,-0.116422,0.480713,0.268657
-3.249253,-3.798320,5.000775,-3.791475,3.257491,-0.007181,0.914873,-0.240794,0.015237,-0.324301,-0.116292,0.478085,0.268555,10.811871,-0.097291,0.493127,0.262192
-3.434813,-3.630743,5.000412,-3.629278,3.444104,-0.007232,0.916106,-0.239179,0.028785,-0.321079,-0.096961,0.490472,0.262084,10.819026,-0.077410,0.501090,0.255540
-3.612019,-3.454062,5.000061,-3.457337,3.621605,-0.006731,0.917215,-0.236990,0.042363,-0.318018,-0.076929,0.498518,0.255435,10.825700,-0.056575,0.504849,0.248716
-3.780389,-3.268741,4.999746,-3.275919,3.789590,-0.005832,0.918202,-0.234244,0.055866,-0.315106,-0.055993,0.502449,0.248625,10.831724,-0.034670,0.504780,0.241755
-3.939458,-3.075267,4.999482,-3.085391,3.947705,-0.004692,0.919076,-0.230953,0.069196,-0.312330,-0.034041,0.502619,0.241686,10.836967,-0.011669,0.501349,0.234700
-4.088783,-2.874141,4.999278,-2.886212,4.095639,-0.003456,0.919849,-0.227125,0.082261,-0.309684,-0.011043,0.499472,0.234657,10.841338,0.012373,0.495072,0.227601
-4.227944,-2.665878,4.999136,-2.678927,4.233121,-0.002247,0.920534,-0.222763,0.094982,-0.307164,0.012951,0.493500,0.227587,10.844777,0.037329,0.486481,0.220508
-4.356551,-2.451007,4.999051,-2.464146,4.359905,-0.001160,0.921149,-0.217869,0.107293,-0.304768,0.037822,0.485217,0.220523,10.847267,0.063020,0.476091,0.213469
-4.474245,-2.230069,4.999017,-2.242536,4.475771,-0.000261,0.921708,-0.212444,0.119142,-0.302497,0.063397,0.475120,0.213511,10.848821,0.089224,0.464374,0.206526
-4.580702,-2.003615,4.999022,-2.014798,4.580516,0.000416,0.922226,-0.206490,0.130489,-0.300354,0.089464,0.463665,0.206589,10.849488,0.115691,0.451739,0.199708
-4.675635,-1.772206,4.999055,-1.781658,4.673947,0.000863,0.922713,-0.200009,0.141305,-0.298343,0.115783,0.451254,0.199787,10.849345,0.142164,0.438518,0.193038
-4.758790,-1.536412,4.999104,-1.543854,4.755883,0.001094,0.923178,-0.193008,0.151575,-0.296469,0.142104,0.438211,0.193126,10.848491,0.168384,0.424965,0.186523
-4.829955,-1.296812,4.999161,-1.302122,4.826153,0.001141,0.923627,-0.185494,0.161289,-0.294736,0.168175,0.424787,0.186614,10.847044,0.194107,0.411246,0.180163
-4.888949,-1.053994,4.999216,-1.057190,4.884595,0.001044,0.924062,-0.177481,0.170445,-0.293148,0.193759,0.411152,0.180251,10.845132,0.219111,0.397453,0.173946
-4.935632,-0.808552,4.999264,-0.809771,4.931056,0.000852,0.924484,-0.168985,0.179046,-0.291709,0.218637,0.397399,0.174026,10.842890,0.243199,0.383609,0.167855
-4.969897,-0.561090,4.999300,-0.560561,4.965403,0.000609,0.924889,-0.160027,0.187098,-0.290420,0.242617,0.383558,0.167924,10.840448,0.266209,0.369682,0.161867
-4.991670,-0.312216,4.999324,-0.310232,4.987516,0.000357,0.925274,-0.150633,0.194606,-0.289282,0.265539,0.369603,0.161921,10.837930,0.288015,0.355595,0.155955
-5.000912,-0.062544,4.999337,-0.059436,4.997302,0.000130,0.925633,-0.140830,0.201577,-0.288296,0.287277,0.355467,0.155994,10.835449,0.308522,0.341245,0.150094
-4.997616,0.187307,4.999338,0.191195,4.994690,-0.000049,0.925961,-0.130651,0.208016,-0.287461,0.307736,0.341055,0.150119,10.833099,0.327672,0.326517,0.144261
-4.981805,0.436717,4.999333,0.441049,4.979643,-0.000165,0.926252,-0.120130,0.213925,-0.286774,0.326858,0.326259,0.144273,10.830959,0.345436,0.311291,0.138436
-4.953534,0.685064,4.999323,0.689529,4.952156,-0.000214,0.926502,-0.109303,0.219306,-0.286235,0.344611,0.310969,0.138437,10.829084,0.361814,0.295463,0.132602
-4.912885,0.931726,4.999312,0.936055,4.912261,-0.000198,0.926706,-0.098209,0.224155,-0.285839,0.360993,0.295083,0.132596,10.827513,0.376827,0.278945,0.126751
-4.859971,1.176085,4.999304,1.180055,4.860026,-0.000130,0.926861,-0.086885,0.228469,-0.285585,0.376021,0.278520,0.126740,10.826262,0.390513,0.261674,0.120877
-4.794931,1.417525,4.999300,1.420971,4.795562,-0.000023,0.926967,-0.075369,0.232242,-0.285471,0.389733,0.261220,0.120865,10.825332,0.402924,0.243616,0.114981
-4.717934,1.655439,4.999302,1.658247,4.719015,0.000107,0.927022,-0.063700,0.235466,-0.285493,0.402176,0.243150,0.114970,10.824709,0.414119,0.224769,0.109067
-4.629176,1.889228,4.999311,1.891338,4.630572,0.000241,0.927027,-0.051914,0.238135,-0.285651,0.413405,0.224307,0.109060,10.824366,0.424159,0.205157,0.103145
-4.528879,2.118302,4.999326,2.119703,4.530457,0.000365,0.926982,-0.040047,0.240239,-0.285942,0.423480,0.204716,0.103143,10.824268,0.433103,0.184831,0.097224
-4.417294,2.342083,4.999347,2.342806,4.418929,0.000465,0.926891,-0.028131,0.241773,-0.286367,0.432459,0.184425,0.097228,10.824374,0.441008,0.163864,0.091316
-4.294695,2.560009,4.999372,2.560116,4.296279,0.000534,0.926754,-0.016198,0.242730,-0.286924,0.440394,0.163505,0.091327,10.824643,0.447919,0.142346,0.085434
-4.161387,2.771531,4.999400,2.771112,4.162832,0.000566,0.926574,-0.004278,0.243105,-0.287612,0.447331,0.142044,0.085452,10.825031,0.453876,0.120380,0.079589
-4.017698,2.976118,4.999428,2.975278,4.018938,0.000561,0.926352,0.007600,0.242896,-0.288433,0.453308,0.120139,0.079613,10.825499,0.458907,0.098074,0.073790
-3.863982,3.173257,4.999455,3.172110,3.864975,0.000522,0.926091,0.019409,0.242102,-0.289385,0.458353,0.097897,0.073820,10.826014,0.463028,0.075538,0.068046
-3.700617,3.362455,4.999480,3.361114,3.701346,0.000454,0.925791,0.031126,0.240726,-0.290468,0.462482,0.075427,0.068080,10.826545,0.466247,0.052883,0.062363
-3.528009,3.543238,4.999500,3.541811,3.528472,0.000364,0.925452,0.042725,0.238773,-0.291683,0.465704,0.052835,0.062400,10.827071,0.468565,0.030210,0.056745
-3.346582,3.715155,4.999516,3.713739,3.346798,0.000263,0.925075,0.054184,0.236248,-0.293028,0.468021,0.030221,0.056783,10.827574,0.469974,0.007615,0.051191
-3.156788,3.877778,4.999526,3.876454,3.156787,0.000159,0.924659,0.065480,0.233163,-0.294503,0.469425,0.007681,0.051230,10.828044,0.470463,-0.014817,0.045703
-2.959098,4.030703,4.999532,4.029534,2.958919,0.000059,0.924202,0.076591,0.229527,-0.296106,0.469907,-0.014703,0.045741,10.828477,0.470019,-0.037012,0.040278
-2.754002,4.173548,4.999533,4.172580,2.753690,-0.000028,0.923705,0.087495,0.225355,-0.297838,0.469455,-0.036857,0.040315,10.828871,0.468628,-0.058908,0.034913
-2.542013,4.305958,4.999529,4.305217,2.541613,-0.000098,0.923164,0.098171,0.220662,-0.299695,0.468058,-0.058718,0.034948,10.829230,0.466280,-0.080452,0.029605
-2.323660,4.427604,4.999523,4.427100,2.323214,-0.000148,0.922578,0.108599,0.215465,-0.301677,0.465705,-0.080232,0.029638,10.829559,0.462968,-0.101601,0.024349
-2.099488,4.538183,4.999515,4.537909,2.099037,-0.000176,0.921946,0.118757,0.209781,-0.303780,0.462390,-0.101359,0.024380,10.829864,0.458691,-0.122323,0.019142
-1.870058,4.637420,4.999506,4.637357,1.869635,-0.000183,0.921265,0.128624,0.203631,-0.306004,0.458115,-0.122062,0.019171,10.830151,0.453454,-0.142591,0.013980
-1.635946,4.725069,4.999497,4.725188,1.635576,-0.000172,0.920535,0.138181,0.197033,-0.308346,0.452883,-0.142315,0.014007,10.830428,0.447271,-0.162383,0.008861
-1.397737,4.800910,4.999489,4.801176,1.397440,-0.000144,0.919754,0.147407,0.190008,-0.310804,0.446708,-0.162096,0.008886,10.830701,0.440159,-0.181685,0.003782
-1.156029,4.864754,4.999483,4.865129,1.155815,-0.000106,0.918920,0.156283,0.182577,-0.313376,0.439610,-0.181387,0.003806,10.830973,0.432146,-0.200481,-0.001259
-0.911427,4.916443,4.999478,4.916886,0.911301,-0.000061,0.918034,0.164792,0.174762,-0.316059,0.431615,-0.200175,-0.001236,10.831248,0.423265,-0.218760,-0.006261
-0.664546,4.955846,4.999477,4.956320,0.664504,-0.000013,0.917093,0.172916,0.166585,-0.318853,0.422754,-0.218447,-0.006239,10.831527,0.413552,-0.236510,-0.011227
-0.416002,4.982866,4.999477,4.983336,0.416040,0.000033,0.916099,0.180638,0.158066,-0.321755,0.413065,-0.236190,-0.011205,10.831812,0.403051,-0.253720,-0.016156
-0.166420,4.997433,4.999480,4.997872,0.166525,0.000074,0.915049,0.187944,0.149229,-0.324764,0.402590,-0.253393,-0.016133,10.832100,0.391806,-0.270378,-0.021047
0.083576,4.999511,4.999484,4.999897,-0.083416,0.000107,0.913944,0.194819,0.140094,-0.327878,0.391372,-0.270043,-0.021024,10.832391,0.379864,-0.286469,-0.025901
0.333361,4.989095,4.999490,4.989412,-0.333160,0.000132,0.912783,0.201250,0.130684,-0.331096,0.379457,-0.286126,-0.025878,10.832681,0.367272,-0.301979,-0.030717
0.582309,4.966209,4.999497,4.966450,-0.582082,0.000147,0.911567,0.207228,0.121021,-0.334417,0.366893,-0.301627,-0.030694,10.832968,0.354076,-0.316893,-0.035496
0.829799,4.930910,4.999505,4.931073,-0.829559,0.000153,0.910293,0.212741,0.111126,-0.337840,0.353725,-0.316530,-0.035473,10.833250,0.340323,-0.331192,-0.040237
1.075211,4.883287,4.999513,4.883374,-1.074972,0.000150,0.908963,0.217781,0.101023,-0.341364,0.339998,-0.330820,-0.040215,10.833524,0.326055,-0.344861,-0.044943
1.317933,4.823458,4.999520,4.823478,-1.317704,0.000141,0.907576,0.222342,0.090733,-0.344988,0.325757,-0.344478,-0.044921,10.833786,0.311316,-0.357881,-0.049612
1.557358,4.751572,4.999527,4.751535,-1.557149,0.000127,0.906129,0.226416,0.080278,-0.348710,0.311042,-0.357487,-0.049592,10.834035,0.296144,-0.370235,-0.054248
1.792889,4.667808,4.999532,4.667729,-1.792705,0.000109,0.904624,0.230001,0.069681,-0.352530,0.295892,-0.369831,-0.054228,10.834269,0.280575,-0.381907,-0.058851
2.023937,4.572376,4.999537,4.572268,-2.023782,0.000090,0.903059,0.233091,0.058965,-0.356446,0.280345,-0.381494,-0.058832,10.834486,0.264645,-0.392881,-0.063423
2.249925,4.465514,4.999542,4.465392,-2.249801,0.000072,0.901433,0.235686,0.048152,-0.360459,0.264436,-0.392460,-0.063405,10.834685,0.248386,-0.403145,-0.067966
2.470290,4.347490,4.999545,4.347366,-2.470196,0.000055,0.899745,0.237784,0.037265,-0.364566,0.248196,-0.402716,-0.067949,10.834865,0.231828,-0.412687,-0.072481
2.684481,4.218597,4.999547,4.218484,-2.684416,0.000041,0.897993,0.239384,0.026325,-0.368766,0.231656,-0.412252,-0.072465,10.835026,0.215002,-0.421498,-0.076971
2.891963,4.079160,4.999549,4.079066,-2.891923,0.000030,0.896178,0.240489,0.015357,-0.373058,0.214848,-0.421058,-0.076956,10.835166,0.197936,-0.429570,-0.081436
3.092218,3.929526,4.999550,3.929458,-3.092199,0.000023,0.894297,0.241099,0.004383,-0.377442,0.197798,-0.429127,-0.081422,10.835286,0.180657,-0.436900,-0.085880
3.284745,3.770069,4.999551,3.770032,-3.284743,0.000019,0.892350,0.241218,-0.006575,-0.381915,0.180537,-0.436455,-0.085866,10.835384,0.163194,-0.443487,-0.090302
3.469064,3.601188,4.999552,3.601184,-3.469074,0.000019,0.890336,0.240849,-0.017496,-0.386477,0.163091,-0.443041,-0.090289,10.835461,0.145575,-0.449331,-0.094704
3.644713,3.423306,4.999553,3.423334,-3.644730,0.000022,0.888254,0.239998,-0.028356,-0.391127,0.145488,-0.448886,-0.094692,10.835516,0.127827,-0.454435,-0.099087
3.811255,3.236867,4.999554,3.236925,-3.811274,0.000026,0.886102,0.238668,-0.039134,-0.395863,0.127757,-0.453993,-0.099075,10.835549,0.109979,-0.458804,-0.103451
3.968271,3.042338,4.999556,3.042422,-3.968290,0.000032,0.883879,0.236868,-0.049810,-0.400684,0.109926,-0.458366,-0.103440,10.835558,0.092059,-0.462447,-0.107798
4.115370,2.840204,4.999558,2.840310,-4.115385,0.000038,0.881586,0.234603,-0.060362,-0.405589,0.092022,-0.462013,-0.107787,10.835545,0.074095,-0.465370,-0.112127
4.252183,2.630970,4.999560,2.631093,-4.252193,0.000045,0.879219,0.231883,-0.070771,-0.410577,0.074076,-0.464942,-0.112117,10.835508,0.056116,-0.467586,-0.116440
4.378369,2.415161,4.999562,2.415295,-4.378372,0.000050,0.876779,0.228715,-0.081016,-0.415646,0.056114,-0.467164,-0.116430,10.835448,0.038151,-0.469104,-0.120736
4.493612,2.193316,4.999565,2.193455,-4.493607,0.000055,0.874265,0.225109,-0.091080,-0.420796,0.038166,-0.468689,-0.120726,10.835365,0.020227,-0.469937,-0.125015
4.597623,1.965988,4.999567,1.966128,-4.597611,0.000058,0.871675,0.221075,-0.100943,-0.426025,0.020259,-0.469529,-0.125005,10.835259,0.002374,-0.470098,-0.129278
4.690143,1.733746,4.999570,1.733883,-4.690124,0.000061,0.869008,0.216624,-0.110588,-0.431331,0.002422,-0.469698,-0.129268,10.835130,-0.015383,-0.469599,-0.133525
4.770939,1.497171,4.999573,1.497300,-4.770915,0.000062,0.866263,0.211769,-0.119999,-0.436715,-0.015319,-0.469207,-0.133515,10.834981,-0.033017,-0.468456,-0.137756
4.839811,1.256853,4.999577,1.256973,-4.839783,0.000062,0.863439,0.206520,-0.129158,-0.442174,-0.032937,-0.468072,-0.137746,10.834811,-0.050502,-0.466680,-0.141971
4.896584,1.013394,4.999580,1.013503,-4.896554,0.000061,0.860535,0.200892,-0.138051,-0.447708,-0.050407,-0.466305,-0.141962,10.834623,-0.067814,-0.464288,-0.146171
4.941119,0.767402,4.999583,0.767498,-4.941088,0.000060,0.857549,0.194897,-0.146663,-0.453314,-0.067705,-0.463921,-0.146162,10.834417,-0.084931,-0.461292,-0.150356
4.973302,0.519491,4.999586,0.519574,-4.973273,0.000058,0.854479,0.188550,-0.154980,-0.458992,-0.084808,-0.460934,-0.150347,10.834196,-0.101829,-0.457708,-0.154526
4.993054,0.270282,4.999588,0.270353,-4.993029,0.000056,0.851325,0.181865,-0.162988,-0.464740,-0.101693,-0.457358,-0.154517,10.833962,-0.118488,-0.453550,-0.158682
5.000326,0.020396,4.999591,0.020456,-5.000305,0.000055,0.848086,0.174858,-0.170676,-0.470556,-0.118341,-0.453210,-0.158673,10.833715,-0.134890,-0.448834,-0.162824
4.995099,-0.229540,4.999594,-0.229491,-4.995083,0.000053,0.844759,0.167543,-0.178031,-0.476440,-0.134731,-0.448502,-0.162815,10.833459,-0.151015,-0.443574,-0.166951
4.977387,-0.478904,4.999597,-0.478863,-4.977376,0.000053,0.841343,0.159937,-0.185043,-0.482389,-0.150846,-0.443252,-0.166943,10.833195,-0.166848,-0.437787,-0.171065
4.947233,-0.727070,4.999599,-0.727037,-4.947228,0.000053,0.837837,0.152056,-0.191701,-0.488402,-0.166669,-0.437475,-0.171056,10.832925,-0.182372,-0.431489,-0.175165
4.904713,-0.973420,4.999602,-0.973392,-4.904714,0.000053,0.834239,0.143917,-0.197996,-0.494478,-0.182184,-0.431186,-0.175157,10.832650,-0.197573,-0.424695,-0.179251
4.849934,-1.217338,4.999605,-1.217313,-4.849941,0.000054,0.830548,0.135535,-0.203920,-0.500614,-0.197377,-0.424402,-0.179243,10.832374,-0.212438,-0.417423,-0.183324
4.783033,-1.458212,4.999607,-1.458190,-4.783044,0.000055,0.826762,0.126930,-0.209463,-0.506810,-0.212233,-0.417140,-0.183315,10.832097,-0.226954,-0.409690,-0.187382
4.704176,-1.695443,4.999610,-1.695421,-4.704191,0.000056,0.822880,0.118117,-0.214620,-0.513062,-0.226742,-0.409418,-0.187374,10.831820,-0.241109,-0.401514,-0.191427
4.613561,-1.928435,4.999613,-1.928414,-4.613580,0.000057,0.818901,0.109114,-0.219383,-0.519370,-0.240890,-0.401252,-0.191419,10.831546,-0.254893,-0.392911,-0.195458
4.511415,-2.156608,4.999616,-2.156586,-4.511436,0.000059,0.814822,0.099939,-0.223748,-0.525731,-0.254668,-0.392660,-0.195450,10.831276,-0.268295,-0.383901,-0.199474
4.397993,-2.379391,4.999619,-2.379368,-4.398014,0.000060,0.810642,0.090609,-0.227708,-0.532143,-0.268064,-0.383661,-0.199466,10.831010,-0.281307,-0.374501,-0.203476
4.273577,-2.596226,4.999622,-2.596202,-4.273600,0.000061,0.806360,0.081142,-0.231261,-0.538605,-0.281071,-0.374272,-0.203467,10.830750,-0.293920,-0.364730,-0.207463
4.138480,-2.806573,4.999625,-2.806547,-4.138503,0.000062,0.801975,0.071556,-0.234402,-0.545114,-0.293679,-0.364512,-0.207454,10.830497,-0.306126,-0.354606,-0.211434
3.993040,-3.009904,4.999628,-3.009878,-3.993061,0.000062,0.797484,0.061868,-0.237130,-0.551669,-0.305881,-0.354398,-0.211425,10.830251,-0.317919,-0.344147,-0.215390
3.837618,-3.205713,4.999631,-3.205685,-3.837638,0.000063,0.792887,0.052095,-0.239442,-0.558267,-0.317669,-0.343951,-0.215380,10.830015,-0.329291,-0.333372,-0.219329
3.672605,-3.393508,4.999634,-3.393481,-3.672623,0.000062,0.788181,0.042257,-0.241337,-0.564906,-0.329037,-0.333187,-0.219320,10.829787,-0.340237,-0.322300,-0.223253
3.498411,-3.572822,4.999637,-3.572794,-3.498428,0.000062,0.783366,0.032369,-0.242815,-0.571584,-0.339980,-0.322125,-0.223243,10.829570,-0.350751,-0.310947,-0.227159
3.315474,-3.743205,4.999640,-3.743178,-3.315489,0.000061,0.778440,0.022450,-0.243877,-0.578299,-0.350492,-0.310783,-0.227149,10.829364,-0.360830,-0.299332,-0.231048
3.124250,-3.904233,4.999643,-3.904207,-3.124263,0.000060,0.773401,0.012516,-0.244523,-0.585047,-0.360568,-0.299179,-0.231038,10.829168,-0.370470,-0.287472,-0.234920
2.925216,-4.055501,4.999646,-4.055477,-2.925228,0.000059,0.768249,0.002585,-0.244755,-0.591828,-0.370205,-0.287330,-0.234909,10.828985,-0.379666,-0.275386,-0.238773
2.718871,-4.196634,4.999649,-4.196610,-2.718882,0.000058,0.762981,-0.007327,-0.244575,-0.598638,-0.379400,-0.275254,-0.238763,10.828814,-0.388417,-0.263089,-0.242609
2.505730,-4.327276,4.999652,-4.327255,-2.505740,0.000057,0.757597,-0.017203,-0.243988,-0.605474,-0.388150,-0.262967,-0.242598,10.828656,-0.396721,-0.250599,-0.246426
2.286326,-4.447103,4.999655,-4.447084,-2.286335,0.000056,0.752094,-0.027026,-0.242996,-0.612335,-0.396452,-0.250487,-0.246415,10.828511,-0.404576,-0.237933,-0.250224
2.061207,-4.555815,4.999658,-4.555797,-2.061216,0.000055,0.746473,-0.036781,-0.241604,-0.619218,-0.404307,-0.237830,-0.250213,10.828379,-0.411982,-0.225105,-0.254003
1.830936,-4.653139,4.999661,-4.653124,-1.830945,0.000054,0.740731,-0.046452,-0.239816,-0.626120,-0.411713,-0.225013,-0.253991,10.828262,-0.418939,-0.212133,-0.257762
1.596088,-4.738833,4.999663,-4.738820,-1.596098,0.000054,0.734867,-0.056024,-0.237640,-0.633038,-0.418670,-0.212050,-0.257750,10.828158,-0.425447,-0.199033,-0.261502
1.357251,-4.812682,4.999666,-4.812671,-1.357261,0.000053,0.728879,-0.065480,-0.235080,-0.639971,-0.425179,-0.198959,-0.261490,10.828068,-0.431508,-0.185818,-0.265221
1.115022,-4.874502,4.999669,-4.874493,-1.115032,0.000052,0.722768,-0.074807,-0.232144,-0.646914,-0.431240,-0.185754,-0.265209,10.827993,-0.437123,-0.172505,-0.268920
0.870005,-4.924139,4.999671,-4.924131,-0.870016,0.000052,0.716532,-0.083990,-0.228839,-0.653865,-0.436856,-0.172450,-0.268908,10.827931,-0.442294,-0.159109,-0.272599
0.622814,-4.961468,4.999674,-4.961461,-0.622826,0.000051,0.710169,-0.093015,-0.225172,-0.660821,-0.442028,-0.159062,-0.272586,10.827884,-0.447023,-0.145643,-0.276256
0.374066,-4.986396,4.999676,-4.986390,-0.374078,0.000051,0.703678,-0.101868,-0.221152,-0.667780,-0.446759,-0.145605,-0.276243,10.827851,-0.451315,-0.132122,-0.279892
0.124382,-4.998860,4.999679,-4.998856,-0.124396,0.000050,0.697059,-0.110537,-0.216788,-0.674738,-0.451053,-0.132092,-0.279879,10.827832,-0.455172,-0.118559,-0.283506
-0.125612,-4.998830,4.999681,-4.998827,0.125597,0.000050,0.690311,-0.119008,-0.212088,-0.681693,-0.454912,-0.118538,-0.283493,10.827827,-0.458598,-0.104969,-0.287099
-0.375292,-4.986305,4.999684,-4.986303,0.375277,0.000050,0.683432,-0.127269,-0.207064,-0.688641,-0.458341,-0.104956,-0.287086,10.827835,-0.461598,-0.091365,-0.290669
-0.624034,-4.961318,4.999686,-4.961317,0.624019,0.000049,0.676422,-0.135308,-0.201723,-0.695579,-0.461343,-0.091359,-0.290656,10.827857,-0.464176,-0.077759,-0.294217
-0.871217,-4.923930,4.999689,-4.923929,0.871201,0.000049,0.669280,-0.143114,-0.196078,-0.702505,-0.463924,-0.077761,-0.294204,10.827892,-0.466337,-0.064163,-0.297743
-1.116222,-4.874234,4.999691,-4.874234,1.116205,0.000048,0.662006,-0.150676,-0.190139,-0.709415,-0.466089,-0.064173,-0.297729,10.827939,-0.468087,-0.050592,-0.301246
-1.358437,-4.812356,4.999694,-4.812357,1.358420,0.000047,0.654598,-0.157984,-0.183916,-0.716307,-0.467842,-0.050608,-0.301232,10.827998,-0.469431,-0.037055,-0.304726
-1.597257,-4.738449,4.999696,-4.738451,1.597240,0.000047,0.647056,-0.165028,-0.177422,-0.723176,-0.469189,-0.037078,-0.304712,10.828070,-0.470374,-0.023564,-0.308182
-1.832085,-4.652698,4.999698,-4.652701,1.832068,0.000046,0.639379,-0.171799,-0.170669,-0.730020,-0.470136,-0.023595,-0.308168,10.828152,-0.470923,-0.010132,-0.311616
-2.062333,-4.555318,4.999701,-4.555322,2.062316,0.000046,0.631567,-0.178287,-0.163667,-0.736836,-0.470689,-0.010169,-0.311602,10.828246,-0.471085,0.003233,-0.315026
-2.287427,-4.446552,4.999703,-4.446558,2.287410,0.000045,0.623620,-0.184484,-0.156430,-0.743620,-0.470854,0.003189,-0.315012,10.828351,-0.470864,0.016518,-0.318413
-2.506804,-4.326672,4.999705,-4.326679,2.506787,0.000044,0.615536,-0.190384,-0.148971,-0.750370,-0.470637,0.016469,-0.318399,10.828465,-0.470269,0.029715,-0.321776
-2.719915,-4.195978,4.999707,-4.195986,2.719898,0.000044,0.607317,-0.195977,-0.141301,-0.757081,-0.470046,0.029659,-0.321762,10.828589,-0.469307,0.042813,-0.325116
